comment,reviewer_country,reviewer_country_code,reviewer_industry,user_image_url,username
"Outstanding work! The project exceeded my expectations in every way. Highly professional and timely delivery.",United States,US,Technology,,johnsmith123
"Amazing quality and attention to detail. Would definitely hire again for future projects!",United Kingdom,GB,Marketing,,sarahj_uk
"Professional service from start to finish. The final product was exactly what I needed.",Canada,CA,E-commerce,,mike_toronto
"Incredible experience working together. Fast communication and excellent results delivered on time.",Germany,DE,Finance,,deutschmax
"The best freelancer I've worked with! Understood my requirements perfectly and delivered exceptional quality.",Australia,AU,Design,,aussiegirl88
"Top-notch work! Very skilled and responsive. Made the entire process smooth and stress-free.",Netherlands,NL,Software_Development,,amsterdam_dev
"Fantastic job! Went above and beyond to ensure everything was perfect. Highly recommended!",France,FR,Consulting,,pierre_paris
"Superb quality and great communication throughout. Looking forward to working together again soon!",Switzerland,CH,Banking,,swiss_banker
"Excellent work ethic and delivers exactly as promised. A true professional in every sense.",India,IN,IT_Services,,mumbai_tech
"Great collaboration! The attention to detail and commitment to quality was impressive.",Singapore,SG,Logistics,,sg_shipping
"Very talented and dedicated. Delivered high-quality work on a tight deadline. Will hire again!",Brazil,BR,Media,,rio_creative
"Phenomenal results! Exceeded all expectations and provided valuable insights throughout the process.",Japan,JP,Manufacturing,,tokyo_manager
"Professional, reliable, and produces excellent work. One of the best experiences I've had!",Spain,ES,Tourism,,madrid_hotels
"Brilliant work! Creative solutions and flawless execution. Couldn't be happier with the outcome!",Italy,IT,Fashion,,milano_style
"Outstanding performance! Delivered exactly what was needed with great attention to detail.",United Arab Emirates,AE,Real_Estate,,dubai_property
"Exceptional quality and professionalism. Made complex tasks look easy. Highly recommended!",Sweden,SE,Green_Energy,,stockholm_eco
"Amazing work! Very skilled and always available to answer questions. Great experience overall!",Norway,NO,Oil_and_Gas,,oslo_energy
"Top quality work delivered on time. Great communication and very professional approach.",Mexico,MX,Automotive,,mexico_autos
"Fantastic results! Understood the requirements perfectly and delivered beyond expectations.",South Africa,ZA,Mining,,capetown_minerals
"Excellent collaboration! Professional, creative, and delivers high-quality results consistently.",Ireland,IE,Pharmaceuticals,,dublin_pharma
"Great work! Very responsive and professional. The final product was exactly what I envisioned.",Belgium,BE,Logistics,,brussels_ship
"Outstanding service! Attention to detail and commitment to excellence really showed in the results.",Denmark,DK,Renewable_Energy,,copenhagen_wind
"Brilliant work! Fast delivery and exceptional quality. Will definitely work together again!",Poland,PL,E-commerce,,warsaw_shop
"Exceptional talent! Delivered exactly what was promised with great communication throughout.",Portugal,PT,Tourism,,lisbon_travel
"Professional and skilled! Made the process easy and delivered outstanding results.",Austria,AT,Manufacturing,,vienna_factory
"Amazing experience! High-quality work delivered on time with excellent communication.",Czech Republic,CZ,Technology,,prague_tech
"Fantastic work! Very creative and professional. Exceeded my expectations completely!",Israel,IL,Cybersecurity,,telaviv_security
"Excellent work! Reliable, skilled, and delivers on promises. A pleasure to work with!",South Korea,KR,Electronics,,seoul_electronics
"Outstanding quality! Professional approach and delivered exactly what was needed.",China,CN,Manufacturing,,beijing_factory
"Great job! Fast, professional, and high-quality work. Will hire again for sure!",Malaysia,MY,Palm_Oil,,kl_trader
